{
  "residual_model": "auto",
  "classic": {
    "upper_count": 500,
    "lower_count": 503,
    "prime_ceiling_count": 0,
    "training_rows": 1001,
    "residual_model": "auto",
    "current_branch": "lower",
    "next_branch": "upper",
    "predicted_next_poi": 278.7609527242403,
    "predicted_score": 279,
    "upper_rmse": 22.61509240387316,
    "upper_mae": 16.6292046145235,
    "lower_rmse": 22.801066503849118,
    "lower_mae": 17.651502647859278
  },
  "prime-pruned": {
    "upper_count": 302,
    "lower_count": 503,
    "prime_ceiling_count": 198,
    "training_rows": 803,
    "residual_model": "auto",
    "current_branch": "lower",
    "next_branch": "upper",
    "predicted_next_poi": 280.7694119128609,
    "predicted_score": 281,
    "upper_rmse": 22.666232635248452,
    "upper_mae": 16.475538444578028,
    "lower_rmse": 22.801066503849118,
    "lower_mae": 17.651502647859278
  },
  "comparison_on_pruned_targets": {
    "classic": {
      "shared_rows": 803,
      "shared_upper_rows": 300,
      "shared_lower_rows": 503,
      "shared_mae": 17.180586589812503,
      "shared_rmse": 22.807304740394617,
      "shared_upper_mae": 16.46835547546108,
      "shared_upper_rmse": 22.809397280986968,
      "shared_lower_mae": 17.605376518849134,
      "shared_lower_rmse": 22.806056612851364
    },
    "prime-pruned": {
      "shared_rows": 803,
      "shared_upper_rows": 300,
      "shared_lower_rows": 503,
      "shared_mae": 17.15282976063169,
      "shared_rmse": 22.772764442970477,
      "shared_upper_mae": 16.39405969602043,
      "shared_upper_rmse": 22.716835088553815,
      "shared_lower_mae": 17.605376518849134,
      "shared_lower_rmse": 22.806056612851364
    }
  },
  "recommended_mode": "prime-pruned",
  "recommendation_basis": "lowest shared_rmse on composite-only targets"
}