{
  "metrics": {
    "logloss": 0.6927041318662545,
    "roc_auc": 0.5024048283459571,
    "pr_auc": 0.10223559617148109
  },
  "mean_hits": 0.4968944099378882,
  "N": 50,
  "diag": {
    "uniform_chi2": {
      "stat": 42.629482071712715,
      "p": 0.727599582698014,
      "dof": 49
    },
    "last_digit_chi2": {
      "stat": 4.235059760956166,
      "p": 0.8952714098711888,
      "dof": 9
    },
    "parity_chi2": {
      "stat": 6.537051792828505,
      "p": 0.25740821947686576,
      "dof": 5
    }
  }
}