{
  "metrics": {
    "logloss": 0.22997567376104755,
    "roc_auc": 0.871342850465099,
    "pr_auc": 0.06702917865070333
  },
  "mean_hits": 0.34782608695652173,
  "N": 4019,
  "diag": {
    "uniform_chi2": {
      "stat": 288288.541434032,
      "p": 0.0,
      "dof": 4018
    },
    "last_digit_chi2": {
      "stat": 21.74501992031868,
      "p": 0.009723175567306714,
      "dof": 9
    },
    "parity_chi2": {
      "stat": 10.285258964143182,
      "p": 0.06754445521680519,
      "dof": 5
    }
  }
}