{
  "params": {
    "w1": 1.0682642384962686,
    "w2": 0.0274050661274996,
    "tau": 0.8944320293878228
  },
  "holdout": {
    "steps": 68,
    "mean_hits": 0.6029411764705882,
    "cost": 0.0,
    "ret": 0.0,
    "roi": NaN
  }
}