{
  "params": {
    "w1": 0.08124651457374081,
    "w2": 0.5041942265852016,
    "tau": 1.256743214997497
  },
  "holdout": {
    "steps": 68,
    "mean_hits": 0.4264705882352941,
    "cost": 0.0,
    "ret": 0.0,
    "roi": NaN
  }
}