{
  "params": {
    "w1": 0.7464840408585997,
    "w2": 0.12047135071237171,
    "tau": 0.9455160511804275
  },
  "holdout": {
    "steps": 140,
    "mean_hits": 0.5571428571428572,
    "cost": 0.0,
    "ret": 0.0,
    "roi": NaN
  }
}