{
  "params": {
    "w1": 0.767542323036348,
    "w2": 0.034664820834264705,
    "tau": 1.1132060539424493
  },
  "holdout": {
    "steps": 65,
    "mean_hits": 0.46153846153846156,
    "cost": 0.0,
    "ret": 0.0,
    "roi": NaN
  }
}