{
  "params": {
    "w1": 0.32143905674438694,
    "w2": 0.6811618502311853,
    "tau": 0.8714390551089196
  },
  "holdout": {
    "steps": 65,
    "mean_hits": 0.5384615384615384,
    "cost": 0.0,
    "ret": 0.0,
    "roi": NaN
  }
}