{
  "trials": 300,
  "mean": 0.5004761904761905,
  "std": 0.04942116588304698
}