{
  "cutoff_start_date": "2016-09-27",
  "rows": 1003,
  "linear": {
    "rmse": 50.5418538778186,
    "mae": 41.87763743556811,
    "corr_fit": 0.7622066898313845,
    "params": {
      "const": 73.08702490612784,
      "phi_linear": 0.26422962915992954
    },
    "aic": 10719.531073673847
  },
  "quadratic": {
    "rmse": 43.79110761646314,
    "mae": 34.234706697392426,
    "corr_fit": 0.8279031937495781,
    "params": {
      "const": 29.35953186770156,
      "phi_linear": 0.6038829590274468,
      "phi_quadratic": -0.0004166146221885438
    },
    "aic": 10433.92883088521,
    "current_expected_poi": 230.9810710503533,
    "predicted_next_poi": 227.14735583428904
  }
}