{
  "metrics": {
    "logloss": 0.6932365769548503,
    "roc_auc": 0.5034067408678454,
    "pr_auc": 0.10248327159544533
  },
  "mean_hits": 0.5444126074498568,
  "N": 50,
  "diag": {
    "uniform_chi2": {
      "stat": 52.25167267112686,
      "p": 0.3488168443012841,
      "dof": 49
    },
    "last_digit_chi2": {
      "stat": 11.06176016469376,
      "p": 0.2714993455265352,
      "dof": 9
    },
    "parity_chi2": {
      "stat": 16.626968605249484,
      "p": 0.005264390300270299,
      "dof": 5
    }
  }
}