{
  "metrics": {
    "logloss": 0.6927267094835567,
    "roc_auc": 0.5040463102365698,
    "pr_auc": 0.10432367927983706
  },
  "mean_hits": 0.5029585798816568,
  "N": 50,
  "diag": {
    "uniform_chi2": {
      "stat": 43.37967401725749,
      "p": 0.6994960064733449,
      "dof": 49
    },
    "last_digit_chi2": {
      "stat": 5.028763183125589,
      "p": 0.8317937238334483,
      "dof": 9
    },
    "parity_chi2": {
      "stat": 5.2807286673057074,
      "p": 0.3825888450144071,
      "dof": 5
    }
  }
}