{
  "metrics": {
    "logloss": 0.6928503174219842,
    "roc_auc": 0.49954314176836456,
    "pr_auc": 0.10245398641492853
  },
  "mean_hits": 0.4658385093167702,
  "N": 50,
  "diag": {
    "uniform_chi2": {
      "stat": 42.84860557768881,
      "p": 0.7194932544441803,
      "dof": 49
    },
    "last_digit_chi2": {
      "stat": 4.203187250996008,
      "p": 0.8975373176014864,
      "dof": 9
    },
    "parity_chi2": {
      "stat": 6.537051792828505,
      "p": 0.25740821947686576,
      "dof": 5
    }
  }
}